model,MAE,RMSE,R2
Linear Regression,0.4307388872771849,0.4696078025710628,0.9992541737874086
Random Forest Regressor,2.8599999999999977,3.7588163030400916,0.9522174593109279
